sentence,
"""Sayansi ow’Ebyamalimiro"" (Agric-science).",
"Sayansi w'ebyamalimiro oba  agirisayansi (Agronomy)  ye sayansi ne tekinologia ow’okukuza n’okukozesa ebimela ng’emmere y’abantu, amafuta, emmere y’ensolo ,okunokoolayo ebitono .",
"Sayansi w'ebyamalimiro agattika amasomo ga sayansi ag’enjawulo nga Essomabiramu(Biology), Essomabuziba(Chemistry), ebyenfuna, entababutonde(Ecology), essomansi(geography, n'essomabuzaale(genetics).",
"Bannabyamalimiro   era banoonyereza ne ku buwangaaliro(environment) n’engeri  ""okwonoona obuwangaaliro"" (environmental degradation) gye kukosaamu ebyobulimi n’obulunzi .",
"Bakuguka mu masomo g'enkyusakyusa y'ebirime(crop rotation) , okufukirira ebirime, okumerusa ebimera.",
Bannabyamailiro (Agronomists) era bekenneenya engeri ezitali za kyeyonoonere ez’okufuula ettaka ejjimu obulungi era erireeta amagoba.,
"Wano basengeka ettaka ne baddamu ne balifulumya buto okulaba oba lirimu  enkyusabuziba(substance/chemical) ezetaagisa okukuza ebimera ,gamba nga ebipooli(compounds) bya  nayitilogyeni, fosifeeti ne potasiyaamu..",
"Singa bakizuula nti ettaka lye banoonyelezzaako teririimu bulungi nckyusabuziba zino ,olwo kiba kyetaagisa okulitekamu ebijimusa ebitondekewo(artificial).",
"Sayansi w'ebyamalimiro  era alimu okunoonyereza entambula y’ebiriisa mu ttaka , obungi bw’ebiriisa bino obuyingizibwa emirandira , awamu n’enkula y’emilandira n’akakwate ke gilina ku ttaka.",
"Bannabyamalimiro era bakulaakulanya engeri z’okukuuma ettaka n’okukendeeza ""ekikuluggusattaka""(soil erosion) okuyita mu mbuyaga oba amazzi.",
"Wano omuntu ayinza okukozesa entuumo ez'amakata aga  kalannami(contour ploughing) ,",
"
Ebigoberero bya sayansi w’ebyamalimiro",
"
(a)	Okuteekateeka enkozesa y’ettaka, abakozi, ebisigo (capital), ebintu ebikulu mu nsobozeso y’entondeka y’ebikole (factors of production).",
"(b)	Okulondobamu ebika by’ebirime (crop varieties) ebisobola okugumira embeera y’obudde mu kitundu (agro-climate), ettaka eriteekekwateekebwa okulimirwako, obujimu bw’ettaka eryo, ekiseera ky’omwaka (season) n’engeri eyetaagisa okulima ekirime.",
(c),Enteekateeka y’ekisambu (field management).
"Muno mulimu okutema amavuunike n’okukabala (tillage) okuteekateeka emikutu gy’amazzi mu nnimiro, okufukurira owamu n’okuziyizaamu ekikuluggusa ttaka (soil erosion) omuli okusimba mu nnyiriri ng’obusaamu (inter-cropping).",
"Sayansi w’ebyamalimiro agattika amasomo ga sayansi ag’enjawulo nga essomabilamu, essomabuzimbe, ebyenfuna, embeera y’ebiramu mu butonde (ecology), Sayansi z’enkulungo y’Ensi ne “essomabusirigiinya” (genetics).",
"
Bannasayansi w’ebyamalimiro (agriscientists)   era banoonyereza ne ku mbeera y’ensi n’engeri gyekosaamu ebyobulimi n’obulunzi ng’etaataganyiziddwa.",
"Bakuguka mu masomo nga enkyusaganya y’ebirime (crop rotation), okufukirira ebirime, okumerusa ebimera, okunokoolayo agamu.",
"“Bannasayansi w’ebyamalimiro” (Agronomists) benyigira mu bintu bingi omuli entondeka y’emmere (food production), entondeka y’emere erimu ebiriisa ebirungi, okuteekateeka ennima ekuuma obutonde bw’ensi, n’okutondeka amasoboza okuva mu bimera.",
"
Bannagirisayansi batera okukuguga mu bintu nga :",
"(i)	Enkyusaganya y’ebirime (Crop rotation),",
"(ii)	Enfukirira y’ebirime n’enkulukusa y’amazzi (Irrigation and drainage),",
"(iii)	Enzaalisa y’ ebimera (Plant breeding),",
"(iv)	 Endabika y’ebimera (Plant physiology),",
(v),Okwawula mu ttaka ebika eby’enjawulo (Soil classification)
"(vi)	Obujimu bw’ettaka (Soil fertility),",
(vii),Engeri ey’okukugiramu omuddo (Weed control)
(viii),Ebiwuka (Insects)
(ix),Enkugira y’ebiwuka ebireeta obulwadde (Pest control).
"
Bannasayansi w’ebyamalimiro (Agronomists) era bekenneenya engeri ezitali za kyeyonoonere (sustainable ways) ez’okufuula ettaka ejjimu obulungi era erireeta amagoba.",
"Wano basengeka ettaka ne baddamu ne balifulumya buto okulaba oba lirimu ebiriisa ebyetaagisa okukuza ebimera, gamba nga ebipooli (compunds) bya nayitologyenifosifeeti ne potasiyaamu.",
"
Singa bakizuula nti ettaka lye banoonyerezzaako teliriimu bulungi sebusitansi zino, olwo kiba kyetaagisa okulitekamu ebijimusa ebitondekewo (artificial).",
"Sayansi we’byamalimiro (sayansi w’ettaka) era alimu okunoonyereza entambula y’ebiriisa mu ttaka, obungi bw’ebiriisa bino obuyingizibwa emirandira, awamu n’enkula y’emirandira n’akakwate ke girina ku ttaka.",
Bannagirisayansi era bakulaakulanya engeri z’okukuuma ettaka n’okukendeeza kikuluggusa ttaka (erosion) okuyita mu mbuyaga oba amazzi.,
Wano omuntu ayinza okukozesa okulima okw’ebikata ebya kalannami (countour ploughing).,
"Okulima kye kikolwa eky’okweyambisa emikono, enkumbi oba ekintu kyonna ekirala okuggya omuddo awantu n’okukyusakyusa ettaka mu ngeri ez’enjawulo olw’okuteekateeka ettaka eryo okusimbibwako ekirime.",
Okulima mulimu mukulu wano mu Buganda.,
Kumpi emmere yonna gye tulya eva mu kulima.,
Okusambula: kuno kwe kulima awantu awali akasikosiko oba awali omuddo oguduumuuse.,
Awantu awo awaba wazise bwe watyo wayitibwa kisambu.,
"Awo awasambulwa waba waalimwako dda, naye nga wayiseewo sizoni nga emu emabega nga tewalimwa.",
Okusambula kukolebwa okutegeka ekifo ekyo kitegekebwe okusigibwamu.,
Okukabala: kuno kwe kulima ng’oli atema engeri y’amavuunike kyokka ng’amavuunike ago agakuba naye nga tayanjala.,
Kino kikolebwa awantu awategekebwa okusigibwa nga oli agenderera okugonza ettaka.,
"Oluvannyuma lw’okukabala, omuntu asobola okwanjala n’alyoka asiga.",
Okutema amavuunike: okutema amavuunike kwe kutema ennyo mu ttaka ng’ettaka ligenda likolwa ebitole ebitagenda kukubirwawo.,
Ebitole ebyo biyitibwa amavuunike.,
"Amavuunike gatera kutemwa awantu awali omuddo nga olusenke, olumbugu, ebisagazi, oba ettale.",
"Awatemwa amavuunike watera kuba nga tewalimwangako oba nga walwiridde ddala ebbanga nga tewalimwa, amavuunike ne gatemwawo amazzi gasobole okusensera mu ttaka eryo.",
Emirundi mingi amavuunike gatemwa mu kiseera kya musana era gatera okumala emyezi nga ebiri n’okusingawo nga tegannakubwa.,
"Ekifo ekitemeddwamu amavuunike bwe kirongoosebwa ne kisigibwamu emmere, kitera okubaza ekirime ekyo ekisimbiddwamu.",
"Okukuukula: okukuuukula kukolebwa awantu awaba waggyiddwa ekirime nga ebijanjaalo, muwogo, kasooli oba ebinyeebwa.",
"Kuno kuba kuggya muddo ogwo oguba awantu awo awaggyiddwa ebirime, olwo walyoke wategekebwe okuzzibwamu ekirimu ekirala mu lusimba oluddako.",
Okwanjala: okwanjala kwe kulima nga bw’okuba ettaka ly’otema nga bw’olonda n’omuddo gwonna oguba awo w’olima.,
"Okwanjala kutera kukolebwa ku muddo nga olumbugu, essenke, ennanda, oba kanyeebwa.",
Omuddo guno bwe gutalondwa guddamu ate ne guloka buto.,
"Omuddo bwe gumala okwanjalwa obulungi, gukyusibwakyusibwa ne gukala bulungi.",
Abamu bagwokya abalala baguleka ne guvunda.,
Eky’okuguleka ne guvunda kye kisinga obulungi.,
Ekifo ekyanjaddwa obulungi kibaza nnyo emmere kubanga ettaka eryo liba limerenguddwa bulungi,
Okuwala/okuwalakata: kuno kwe kulima omuddo ng’enkumbi eringa esikibwa obusikibwa ku ttaka.,
"Kino kitera kukolebwa mu luggya, ku lusalosalo, oba awantu awakaluba ennyo; kitera kuba mu kiseera kya musana.",
Omuddo oguwalibwa gutera kuba nga mumpi ddala.,
Okukoola: kwe kuggya omuddo oguteetaagibwa mu bulime.,
"Okukoola kukolebwa okutaasa ebirime ebyasimbibwa obutafuuyibwa muddo, ate era n’okugonza ettaka ekimera ne kisobola okusika obulungi amazzi mu ttaka.",
Ge masaawa ge makabala?,
"Olunaku omulimu lw’asaawa, si lw’akabala.",
"Enjogera eno ekozesebwa ku muntu ayagala okwanguyiriza okukola ekintu, ng’olukitandika ayagala kiggweerewo.",
"Kulika empewo y’enkya: eno y’engeri y’okwebazaamu omuntu akuwadde ekirime nga kasooli, ebijanjaalo, ebinyeebwa n’ebiringa ebyo.",
Abataka abaagalana be balima akambugu: luno lugero olwoleka amaanyi g’obumu.,
"Olumbugu, muddo ogulimibwa nga gulondebwa bulondebwa.",
"Mu kulondebwa okwo, gutwala obudde bungi, ate gukooya kubanga alima abeera akutamye ebbanga lyonna ate nga agenda mpola.",
Kye kiva nno kyetaagisa okubeera ababiri oba okusingawo ne mulyoka musobola okugulwanyisa.,
Ow’amaanyi takeera: eno njogera ekozesebwa ku muntu agenda okulima n’atakeera.,
"Kisubirwa nti buli muntu anaalima olubimbi ne lunyuma ate ne luwera, akeera ku makya, n’annyuka awo omusana nga gukaalaamye, so si kulinda musana ne gukaalaama ate ggwe n’olyoka ogenda okulima.",
Enjogera eno erimu okujereegerera n’okukiina.,
Olubimbi,
"Olwareero tugenda kutunurira  kukilime ky'enyaanya ,omuntu okulima ennyaanya otekeddwa kukola bino wammanga .",
"Ffuna obusigo bw'ennyaanya ennungi ddala ngazino mulimu oxly,Eden,Rionex,n'ekika kyaMaximal.",
Ennyaanya zino zibala bulungi ate ngampangaazi ddala ng'omaze okuzinoga .,
"                        
OKUKOLABEEDI Y'ENNYAANYA.",
"Ffuna  ekifo  ekilinaettaka eggimu obulungi ,kabala bulungi  ekifo kino era bwekiba nga ettaka siddungi tekamuebigimusa ngakalimbwe w'enkoko .",
Ppimafuuti  3 obugazi nobuwanvu bwonna bwoyagala okusinziira kubungibwensigo  gyolina .,
"Mansa obusigo oluvannyuma obikkekoettaka ettonotono awo obikekoebisubi ,fukirira woamazzi bwekuba kwamusana okumalaennaku  6-7 olyoke obikuleko ebisubi  ng'obusigo bumeze awo ozimbekoakayumba okwewala omusana.",
Ngawayisewowikisi  2 tandika okukendeezaebisubi ku beedi ennyaanya zisobole okumanyiira embeerayobudde naye tewerabira okufuyiirakoeddagala ly'ebiwuka.,
Ngawayisewowikisi ssatukunnya  tandika okusimbuliza  ennyaanya zino munnimiro ewedde okutegekebwa.,
OBA.,
"Ffuna kalimbwe w'enkoko omutabule bulungi n'ettaka , Ffuna obuveera ngabuno mwebassakalitunsi  otekeemuettaka lino  awo yiwamuamazzi agokya okusobola okuttaobuwuka obuyinza okuttaennyaanya zo ,oluvannyuma ettaka nga liwoze tekamu obusigo  bubiriburi mubuli kaveera .",
"Bw'oba otandiseokusimbuliza osobola okukozesa ebigimusa bino ,singaettaka liba ngalibi kozesakalimbwe w'enkoko ez'amaggi ng'ono omussamukinnya n'omutabula n'ettaka  awo nosimbamuebikolo b'yennyaanyabibiri mumabanga agasanidde .oba osobola okukozesaNPK akasanikira kekiddomola  kamu , kayiwe mukinnya otabule n'ettaka oyiseewoennaku  3-4 ow'olyoke osimbe ennyaanya zo .",
Ebigimusa ebifuyirwako mulimuNPK super green ng'ono ayamba nnyo okukwasaekimuli nekimera okubeera nga kyakiragala bulungi.,
"Tulinamubooster ng'ono ayamba nnyo mukugezzaentengo ,Tulinamu allwin gold ng'ono ayambaennyaanya okumulisa ennyo n'okukwasaekimuliate nokuleetaamatabi amalala .",
Tewerabira okubikkaennyaanya zo.,
"1,Okubikka kuyamba omulimi kumuddo obutamera.",
"2 ,Okubikka kuyamba ettaka okukuuma amazzi.",
"3 ,Okubikka kuyambaennyaanya obutaliibwamagongolo.",
"4 ,Okubikka kuyamba okwongerakumutindo gw'ekimera ky'ennyini nga tekisamukilwakottaka.",
"Tulina eddagala lyabika  bingi ngalino mulimu Rocket,Dudu cyper ,Turfgor ,Harvester n'ebirara bingi ,Tulinamu eddagalaeliyitibwa fungalcil ne harvester ngalino likozesebwa kukibabuko [blight] era tulina n'eddagala ly'obuwungo eliyitibwa mancozeb  oba dayisiini ngalino liyamba nnyo okukendeeza amazzi mubikoola  by'ennyaanya .",
"1 ,Tulinamu obulwadde bwakiwotoka era buno ebiseera ebisinga tebulina ddagala ngera butera nnyo okubeera muttaka ly'omukisennyi .",
"2 , T ulinamu ekilwadde ky'e kibabuko [blight] era nga kino osobola  okukozesa Fungalcil ne Harvester okukigoba .",
"3, Era tulinamu n'ekilwadde ky'ekigennge nga kino osobola okukozesa eddagala eliyitibwa Dudu acelamectin okukigoba  ,kati gwe omulimi wekwate bino oleme kwejjusa .",
sentence,
OKULIMA KASOOLI KIMU  KUBYOYINZA  OKUYITAMU  OKUFUUKA  BINOJO.,
Kasoli  kintu  kikulunyo  naye  bwoba  osimba  kasoli  wetegereze  kasooli  wa bika binji.,
Naye  nze  nkuwa  gabuwa  wandibadde  wetanila  kasooli  wa  LONG 5  kuba  kasooli  oyo  mulungi nyo.,
"Naddala  kasoli   bwetutuuka  mugumira  embeela  yo,budde.",
ENSIIMBA  YA  LONG 5.,
Kasoli  ono alina  okusimbiibwa  wakati GAP  obuwanvu  mita 2 nekitundu  obukika mita emu,
Ofuba  nyo  okulaba nti  kasoli  ono omutekamu   ebijimusa  okugeza   nga DAYI GROW  kino  ekijimusa  kiyamba kasoli  ono  okusiba  eminwe eminene  no okulwanyisa  endwadde z'omuttaka.,
EKUTEGEKEDWA BUSUURWA NICHOLAS OKUVA MU MBAZZI FAMERS ASSOSIATION,
Omuntu okulima green paper otekeddwa okukola bino wammanga .,
"Ffuna ensigo ya green paper ennungi, tegeka bulungi ekifo wogenda okuyiwa beedi  ya green paper wo.ng’omaze okukabala bulungi ekifo kino tekamu ekigimusa  ngamuno mulimu nakavundira ,obusa bw’ente ,kalimwe w’enkoko nebigisa ebizungu omuli NPK.Ng’omaze okukola bino wammanga leea obusigo bwa paper obumanse muttaka lino ly’okabadde oluvannyuma ofukirireko amazzi bw’omala obikeko ebisubi okutuusa obusigo buno ngabumeze awo oly’oke ojeko ebisubi  bino ozimbeko okayumba okwewala omusana, ngawayisewo wiki emu kibbiri tandika okukendeeza ebisubi ebiri kukayumba kano paper ono asobole okumannyira embeera y’obudde",
Ngawayiseewo omwezi 1 tandika okusimbuliza paper wo ng’omuteeka munnimiro ewedde okutegekebwa obulingi era tewerabira okisimba paper wo mumabanga agasanidde.,
1.Rocket.,
2 .Turfgor.,
3.Dudu cyper.Dudu acelamectin.,
Tulina emirimu mingi omuntu wano mu Buganda gye yandyagadde okutuusaako engalo nga agenderera okunonyeza ekigulira magala eddiba okwo kwossa n'okulairira ab'ennyumba ye.,
"Mu byonna nze obumanyirivu bwenina buli mu kulima ebirime ebyenjawulo omuli: obutunda, Ebitooke, Ennyanya, Lumonde n'ebirala bingi.",
Okulunda nagwo mulimu gwe ntaddeko amaanyi era nga ku mutendera ogwokufuna ssente wamu n'okulabirira amaka gange.,
"Olwaleero kansomese abo bonna abandyagadde okwetaba mu nsi y'abalimi b'obutunda wano mu Uganda, biki ebyetaagisa, obufunamu otya n'ebirala bingi nnyo.",
OKULIMA OBUTUNDA,
"Fiya bitooke birungi nyo wano m’uganda era bwobilima tosobola kufa bwavu 
Nanjala.",
"1.Bwoba ogenda okusimba fiya olina okuma ekinya nga kiwanv ate nga kigazi
Bulungi
2.Ewantu bwewaba nga wakapa oba ngasiwajimu mukinya kyosimye olina okutaburilamu 
Mukinya ettaka nobusa okumala wiki 3 kiyambe ettaka okuwola obulungi.",
"3.Wabula bwoba ogenda kusimba fiya olina okusima akanya ngakawanvu oluvanyuma otekemu 
Akalukusa kafiya.",
Okulima ebinyeebwa m'uganda kimu kubyoyinja okuyitamu okufuuka binojjo.,
ENSIMBA YEBINYEEBWA.,
"1   Bwoba ogenda okusimba ebiyeebwa ewantu wobisimba walina okuba nga wajjimu
2.Ewantu wogenda okusimba ebiyeebwa olina okusooka nokabalawo bulunji
kisobozese ebinyeebwa okugejja nokweyagarila muttakaobulungi.",
ENDABIRILA YEBIYEEBWA.,
Ebinyeebwaoina okubikoola emirundi 2 mpaka lwebituuka okukungula.,
"Omulundi ogusooka olina okusooka nobikulamu omuddo
Omlundi ogwokubbiri olina okubitemera",
Ebijanjaalo ky'ekilime ekula amangu era ngakisola okukuwa sente singa oba ng'obirabiridde bulungi ddala.Tulina ebika by'ebijanjaalo biwerako era nga mubinomulimu bino wammanga .,
"1 ,kanyeebwa
	2 , Nambaale
	3 ,Yellow beans ,Nakyewogola n'ebirara bingi.Omulimi w'oba osimbye ebijanjaalo byo mubbanga lyamyezi ebiri n'ekitundu kwesatu obeera okungula eri gwe aba ayagala okutunda ebibisi.",
EBIJANJAALO BY'ETAAGA BINO WAMMANGA.,
Ebijanjaalo bino by'etaaga ennimiro nga sinnyonjo nnyo kisukiridde kubanga birina ensigo nnene bulungi osobola okugisimba awantu neweba nga siwayonjo tebilinga bimera birara .,
Ebijanjaalo ng'obisimba olina okubisimba mumabanga amalungi ddala era nga gwe akozesa engalo zo ng'osimba olina okusimba mumabanga ga 30 ku 30 cm oba okusingako awo katono .,
"Ebijanjaalo ngabimeze bifuyiremu  ekigimusa  kyaNPK owamazzi era nga kino kiyamba nnyo kubanga  kilimu ebiriisa byamirindu essatu ebisinga okwetagibwa ekimera era muno mulimu [Nitrogen,Phosphorus,Pattasium].Ng'omaze okufuyira  ebijanjaalo byo ,ekiddako kuba kubikoola era nga bino bikoolebwe omulindi gumu kw'ebiri .",
"Ebijanjaalo  ngabimaze okukoolebwa ngabituuse ku stage emulisa , bifuyire n'eddagala ely'ebiwuka ngalino mulimu Rocket ,Turfgor ,Dudu cyper  n'ebirara era ngalino mutabikwamu ely'obuwunga liyite  Dithen  oba liyite Mancozeb n'ekigimusa ekiyitibwa Allwin gold era ngakino kiyambako ekimera  okuleeta amatabi n'okukwasa okimuli .",
"Ebiseera bw'ebiba ngabyankuba ebijanjaala kasita bileeta eminnyololo ,ofuna omo ejiiko bbiri n'omutabula mobbomba n'eddagala  lyebiwuka nga Rocket n'ofuyira ebijanjaalo byo.Kino kiyamba okugumya ekikuta ky'ekijanjaalo  amazzi nga tegasobola kuyingira munda kwonona mpeke zebijanjaalo .",
OBULWADDE BW'EBIJANJAALO .,
"1 ,KIBABUKO .",
Ebiseera ebisinga  okwenkuba ebijanjaalo bibabuka ebikoola n'ebijanjaalo byennyini era kino ng'osobala  okukigoba ne mancozeb oba fungalcil.,
"2 ,KIWOTOKA.",
"Oluusi  ebijanjaalo bimanyi okuwotoka era ngakino kiyinza  okuva  kumunyeera ,kale obalina okukozesa eddagala lyonna ely'ebiwuka.",
"3 ,EKIGENGE.",
Kino osobola okukozesa Dudu acelamectin.,
"EBIWUKA EBIYIGANNYA EBIJANJAALO 
1 , Ebisaanyi ngabino bilya ebikoola n'ebimuli .",
"2 ,Munnyeera ng'ono abiwotosa .",
"3 ,Amagongolo ngagano galya ebijanjaalo naddala nga bigudde .",
"3 ,Amayanzi  era ngagano galya ebimuli .Okuziyiza bino kozesa eddagala elitta ebiwuka .",
"MUBEERE BULUNGI ,TUNADDAMU NATE 
				MUKAMA ABAKUUME
							MBADDE KIKANJA JOHN BAPTIST.",
OKULIMA AMAJAANI.,
Mu uganda ebyalo bitononyo omulimwa amajaani.,
2.Era ebifo bino birabirirwa nga bikabalwamu amavuunike nga tonaba kusimba majaani go.,
3.Biteerwamu ebijimusa okusobola okwongera kubugimu bwettaka olwo nebikula bulunyi.,
4.Biyawulwayawulwamu mungeri yokuziyiza omugoteka munimiro namakungula amalungi.,
5.Gafuuyirwa okuziza obuwuka obugazanyiralako negatononeka bikoola byaago.,
6.Gakomolwa galeme kuwanvuwa nyo olwo ne ga nguwa mu makungula nga temumenyeka .,
,
Ebitooke byebimera ebivaako emmere eya amatooke.,
Kino kyekika kyemmere ekikyasinze okuganja wano mu Buganda.,
"Bino wammaanga byebimu ku bika bye bitooke;
Kibuzi, Kisansa, Mpologoma, Nakitembe, Nakinyuka Nakabululu Bogoya, Emodde, Gonja, nebirala.",
"Omuntu yandisanye abirime bwati;
Longoosa bulungi wooyagala okusimba olusuku lwo naye nandilowozeza nto totegeka wagimu nnyo olw'ensonga nti olusuku lulina okulisiibwa.",
Ssima ebinnya ebigazi obulungi ate wansi kyandibadde kyamagezi okutuuka ku ttaka erimyufu.,
Teekamu obusa obukaze obulungi oba nakavundiira awooze obulungi.,
Bwomala noonya endu ezitaliiliddwa biwuka oba zirongose bulungi ozinnyike mu ddagala nga to nazisimba mu ttaka.,
Zisimbe naye ekinya to kijuza ttaka lekawo ekiiko amazzi wegasobola okuleggama era bwomala obike nebisubi.,
sentence
"user ssali godfrey/sandbox
Carrot kirime kyamulembe nyo bwokilima atenga kilina emigaso mingi nyo eri obulamu  bwabantu."
Ayamba mukutangila obutakwatibwa ndwadde  eziyinza okukosa mubantu.
"Alimu ebirungo nga vitamin B , vit C ,nebilara bingi nyo."
sentence
Lumonde ddala mmere kubanga abantu bangi bagye tanira.
"LUMONDE ASIMBIBWA ATYA
Osooka no tegeka ekisambu nga mu kutegeka mwemuli okusaawa akutema ebikata
naye nze kye netegereza ebikata byetaaga ettaka eritali gimu nnyo kubanga amalagala okusobola okukola lumonde omugumu akuumuka yetaaga ettaka ekalu kalu mu"
Amalagala getaaga okuba egekikka ekirungi.
Mbakubiriza nti bwoba onalima lumonde okusobola okufuna ensimbi nandi kusabye olime lumonde mubungi kubanga omu affa omulala nakola so kyandibadde kya magezi okulima nga mungi okutandiika ne yiika naamba.
Akatle wekali wano mu Ggwanga.
sentence
Kalitunsi kika kya muti nga omuti guno gusimbibwa era okugumerusa osoka kukola bed naye abantu abasing bagumanyi nga omuti era bagufunamu nku ne sente nate omuti guno gulimu emIgaso emirara mingi.
"Kalitunsi aliko eddaga lingi naye nze okusinga ntegerako lino wamanga;-
Kalitunsi nga obadde tonalwala kilwadde kya sukaAli osobola okukigema."
"Enzijanjabisa ya kalitunsi ku ku gemaa sukaali
Otema kalitunsi omuto nomwokya oluvanyuma n’ofunamu evu eryo evu n’olitabulamu amazzi amafumbe nonywa."
"Kalituunsi avumula olubuto oluluma
Era ebisiriza byomuti gwakalitunsi otabulemu amazzi."
sentence
"OKUKOLA OBULIMIRO OBUTONOTONO [NURSERY BED]
Kirungi  okusimba ensigo nga  enkuba yakatandika okutonya."
Waliwo ebika by’emiti egikula amangu nga{ leucauna] ne kalitunsi ebiyinza okumala emyezi 3 okuba nga gituuse okusimbuliza.
"Waliwo ebika by’emiti nga{ grevaria ], {eriamaikaria], ne { acacias] egiyinza okutwalira ddala emyezi 4– 6  okusimbuliza."
Nolwekyo olina okutandiika okukola kubya{ nursery bed]okusobola okutegeka ensigo gyonosimba ngo’zijja k  miti egyo egisinga okuba egyomugaso.
"ATE WALIWO[ NURSERY BEDS] ngazo za nva gamba nga enyannya, emboga nebirala."
"Zozino zo zikula mangu okusinga ezo ezembala singa oyiwa[ nursery bed ] nga ensigo omaazze galonderela era nekyonofunamu bwekijja okuba, wabula endokwa bwoba nga wakoze  [nursery bed ]  wonozijja okuzisimba tekyetagisa nnyo kuzitteka mubuveera, osimbuliza busimbuliza n’otwala mu nimiro."
"Katugambe oyina okuba ne ka[ nursery bed ] ko nga kenkana futi 2 ku futi 3, oyinza okukasimba ku nsonda y’enimiro yo."
"ENTEGEKA ya [ nursery bed ] 
Tegeka nga [ nursery bed ]  essala akaserengeto."
Wonokola akarimiro watekwa okuba nga wakabale bulungi.
"Terezawo bulungi wenkanenkane, tema emiteteme ozizike akarimiro okuziyiza mukoka okutwala ensigo n’ettaka."
Wekakase nga ‘karimiro tekasuka futi3 obugazi obuwanvu kola nga bwoyagala.
"EBIGIMUSA
Kozesa obusa obuvunze obulungi gamba obufuuse attaka oba ettaka egimu obulungi."
Yiwa ensigo zino mubuwanvu wanvu okutuuka ku ndala ebanga ly’annyingo 3 .
"Koloboza mu ‘kalimiro wakati buwanvu wanvu bwa kimu ky’akubiri eky’ennyingo, yiwa ensigo obikeko ettaka okujjuza wokoloboza."
Bikka akalimiro kano nesubi tonotono oba samusamu fukirira ngokozesa ekifukirira amazzi.
"Oyinza okusimbako akayumba waggulu okuziyiza ebisolo okubyonona, waggulu obuwanvu akayumba kaba ka futi 2."
Kyandibadde kirungi oyongere okunyweza emigogo gino gireme okusesetuka.
"Era ofukirire akalimiro emirundi ebiri , kumakya n’akawungezi buli lunnaku."
Obusigo obutameredde mu buwanvu wanvu bwewakola bugyemu okirize obuli mu buwanvu wanvu okumera obulungi.
Okusimba ensigo zino mu nimiro kirungi  zibe nga ziwezeza ennyingo 4-5 .
Sooka ojjeko ekisikirize mpolampola  okutuusa lwezisobola okugumira omusana.
"Kendeza okufukirira , omulundi gumu olunnaku guba gumala."
"Jako ekisikirize, kozesa ejjambiya ojje obulokwa buno muka limiro nga obusimba busobole okugenderako ettaka , enkuba bweba tetonya kyalibadde kirungi okufukirira."
sentence
"""Ebyamalimiro"" (Agriculture)"
"
Kino kifundiwazo ky’ekigambululo ky’oluganda “ebikolebwa ku malundiro n’ennimiro”."
"Oluusi tukigandawaza ne tukiyita ""agirikakya"" kyokka omulembe omutebi gugezaako nga bwe kisoboka okukozesa emiramwa egitali myewole."
Emiramwa egyetaagisa
"
(a)	Ennimiro (garden)."
Manya essamba (plantation) eba nnimiro ennene.
(b)	Eddundiro (place for animal keeping))
(c)	Eddimiro (farm)
"
Eddimiro = eddundiro + ennimiro"
Mu bungi: Amalimiro (farms)
"
When we add the prefix “ebya” to “amalimiro” (farms) we derive the Luganda concept “ebyamalimiro” meaning “agriculture”."
(d)	Ennyanguyirizi (machines)
•	Ennyanguyirizi z’amalimiro	(farm machinery)
(e)	Ekitambuzo (Mechanics)
•	Ebyamalimiro eby’ebyekitambuzo	(mechanized agriculture)
"
Ebyamalimiro biva mu byabutonde Katonda bye yatugonnomolako, omuli ettaka, ekitangaala, tempulikya (ebbugumu ery’ekigero), amazzi oba enkuba, n’ebirala."
"Birimu okulima emmere y’abantu n’ebisolo, okulima emiti, ebibala, enva endiirwa, ebimuli, ensigo, okulima ebintu ebikozesebwa mu makolero (raw materials) nga ebiwuzi (fibre) ne pamba, okuwakisa ensolo (breeding), okulunda ensolo ezivaamu  amata, ennyama, amaliba, omwoya (wool), amagi, obuwuzi bw’ebisaanyi (silk)."
"Ebyamalimiro biyamba omuntu okwetusaako ebyetaago ebisookerwako nga emmere, ebyokwambala, ebyokuzimbisa ng’amasamba g’embaawo, eddagala, ebibira by’enku (woodlots) n’okwesanyusaamu."
"
Weetegereze:"
"
Eddimiro(Farm) kiva mu kugattika ebigambo eddundiro n'ennimiro."
"Eddundiro + Ennimiro = Eddimiro(farm).Mu bungi(plural) Eddimiro kibeera ""amalimiro(farms)."
"Okuva mu kigambo eddimiro tufuna ekigambo ebyamalimiro (agriculture), ekitegeeza ebyenjigiriza ebikwata ku malimiro oba ebikolebwa ku malimiro."
Eby- + Amalimiro = Ebyamalimiro (agriculture).
sentence
OKUGYETANIRA.BAGIRYA BULI WEBAGALIRA.OLUMU GIBERABIZA NOKULYA EMMERE.
EBIBALA BINO BYEYONGEDDE OKWAGALIBWA MUBITUNDU BYE KIBUGA KAMPALA.
ABANTU BANGI BABIGULIRA ABAMAKA GABWE.
"ABALALA BABIFUDDE MULIMU  BABITAMBUZA MU OFFICE NEWAKOLERWA ABANTU ABANGI.NABALALA BABISUBULA NEBABIWEREZA EBWERU WA UGANDA okugeza mu Sudan, Kenya, Tanzania n'amawanga amalala."
EKYETAGISA KWE KUSIMBA EMITI GY'EBIBALA EMINGI GIVEKO EBIBALA EBINGI EBIMATIZZA AKATALE AKO ATE ERA KIYAMBE NOKUKUUMA OBUTONDE BWENSI.
OKUFUNA EMITI EGYEMBALA KYETAGISA OKWEBUZA KUKITONGOLE KYOBULIMI EKAWANDA RESACH STATION
BAKUWE AMAGEZI.
sentence
"Dan Nsobya,Bukedde Newspaper,Dec 09,2013
Ffene kibala ekiri ku ttunzi ennaku zino."
Abalimi n’abasuubuzi nkumu mu ggwanga kati mwe bayoola ensimbi kyokka obulimi bwa ffene tebuteereddwaako ssira n’emiti mingi gifunye akawuka akagikaza awatali kikolebwa!
"Omusuubuzi w’ebibala mu Kame Valley Market mu kibuga [Mukono], Musa Bisaso agamba nti enkota ya ffene esobola okuliisa abantu 10."
"Buli kiwayi kya 500/- bagisuubula wakati wa 2,000/- ne 3,000/- okusinziira ku bungi bwa ffene obubeera ku katale."
"Omukugu mu by’ebibala mu Makula Nussery e [Masanafu], Dan Kyaligamba agamba nti ffene omwaka abala sizoni bbiri (emirundi ebiri)."
Omuti ku lubala olusooka awo ku myaka wakati w’esatu n’ena gussaako enkota ntono.
Ku myaka etaano n’omukaaga omuti gusobola okuteekako enkota ezisoba mu 30 mu sizoni emu ate ku myaka 10 guba gusoboa okuteekako enkota ennene ezisoba mu 80.
"Mu bufunze ku myaka esatu yiika bw’oba olinamu emiti 60 mu sizoni esooka buli nkota bw’ogitunda ku 2,000/= ofunamu 600,000/-."
"Ku myaka etaano buli sizoni oba ofuna sh 3,600,000/-."
"Ku myaka 10 mu yiika ey’emiti 60 osobola okufunamu 9,600,000/- mu sizoni emu."
"Emigaso gya ffene 
Ng’oggyeeko okumulya, ffene akamulwamu omubisi, akazibwa n’aliibwa nga bbagiya, akolebwamu wayini, ate ennaku zino ebbula ly’emiti we lituuse asalibwamu embaawo n’enku."
OKUSIMBA FFENE.
"Omukugu mu byobulimi, [Baagala Walusimbi] agamba nti ffene ky’ekibala ekisobola okudda ku bika by’ettaka ebitali bimu mu [Uganda]."
"Agamba nti wadde guli gutyo, ffene okubala obulungi kisinziira ku ndabirira, obugimu bw’ettaka n’embeera y’obudde."
"Abala bulungi ng’alimiddwa ku ttaka eggwanvu, omutalegama mazzi ate eritaliimu bbumba."
"Agamba nti ffene wa ntondo, tayagala kusimbulizibwa, kale bw’oba ogenda kumusimba ofuna ensigo n’ozisimba butereevu mu kifo w’oyagala."
Ensigo nga tonnazisimba sooka ozinnyike mu ddagala nga Perenox oba Mancozeb 80 okuziyiza obulwadde bw’omu ttaka.
Ensigo zaanikeko ng’omaze okuzinnyika olyoke osimbe.
ima ebinnya ebigazi ate ebiwanvu ffuuti 2x2.
Amabanga osobola okupima ffuuti 25x30 oba 20x30.
Ku mpima y’amabanga eno mu yiika emu mugendamu ebikolo wakati wa 48 ne 80.
Ate bw’oba ogenda kusimba ku lusalosalo amabanga pima ffuuti 15x30 okuva ku kikolo okutuuka ku kinnaakyo.
"Baagala agamba nti ffene bw’aba alabiriddwa bulungi, ettaka ggimu, talumbiddwa bulwadde, ate nga n’embeera y’obudde nnungi, okugeza ng’enkuba etonnya, atandika okubala wakati w’emyaka esatu n’etaano okusinziira ku kika."
"Ffene yeekolera obugimu, ebikoola bwe bigwa bivunda ne bikola obugimu ye ne yeeyongera okutinta ate taliiko mirimu mingi ng’okukoola wabula bw’oba n’essamba osaawamu busaayi."
"Okuziyiza obulwadde
Baagala agamba nti omuze gw’abalimi okutemaatema ku nduli, mbu abale mangu gusaana okukomezebwa kuba lino ly’ekkubo erisinze okusiiga ffene endwadde kale omuti tegusaana kunuubulwa mu ngeri yonna."
"Oluusi ng’atandise okubala, enkota ento zivunda ne zikunkumuka olw’obulwadde."
"Ekizibu kino bw’oba okirina, bw’olaba amulisa ng’ofuuyirako ne [Mancozeb 80W.P] oziyize enkota okuvunda."
"Ffene oluvannyuma lw’okumulisa, ayengerera wakati w’emyezi esatu n’ena."
Abanoga ow’okutunda basobola okunoga akuze obulungi wadde ttannayengera.
"Ebiwuka ebyonoona ffene
Namuginga awummula ebitulituli ku nduli."
"Ayagala nnyo awatemeddwa, mu mpataanya z’amatabi oba awali enkovu yonna."
Ebiwuka bino we biruma obulwadde we buyita era kino kivaako amatabi agakoseddwa okutandika okukala.
"Oluusi ffene yeeyasamu nga tannanyengera naddala ng’enkuba eddiridde ekyeya, ekikuta kya ffene ne kitakula mangu."
"Obulwadde obukaza emmwaanyi ne ffene bumukaza kale tokozesa bikuta bya mmwaanyi okugimusa ffene, omuti ogulwadde gukuule oguggyewo."
Ekiso ekitemye ku muti omulwadde kisasaanya obulwadde.
sentence
"Kino kino kimera kya tunzi, kirimu ekiriisa  [ vitamin A] 
‘’’EBYETAAGO BYA LUMONDE WA KIPAPAALI OKUSOBOLA OKUDDA OBULUNGI.’’’
Ettaka eggimu
Ennimiro nga ogiteseteese bulungi
‘’’EBISIMBIBWA.’’’
Amalagala gagulibwa okuva eri ebitongole bye’ggwanga ebinonyereza ku by’ennima [NARO]
N’abalimi abalima lumonde oyo oba ebibiina bya nakyewa."
"‘’’OKUTEGEKA EBIKATA N’EBISEERA  EBY’OKUSIMBIRAMU.’’’
Ebikata biteekwaokutemebwa ng’ebula olunaku lumu okusimba amalagala."
"Obugazi buteekwa okuba nga bwa fuuti sattu,okuva kukikata ekimu okutuuka ku kilara."
OKusimba amalagala koteekwa kukolebwa mu biseerabya nkuba.
Ssimba amalagala ago gokka agalabika nti malungi.
"‘’Lumonde wa kipapaali asobola okusimbibwakunsalosalo z’ensuku, mumabanga ga fuuti taano."
"‘’’OKUSIMBA.’’’
Yerula ekikande, oteme ebikata."
Funna amalagala amalungi ate nga magimu.
Byaala lumonde mu biseera by’enkuba.
Koola lumonde mu sabbiti 3-4 ezisooka.
Ddamu okukoola emirundi ebiri nga tonaba kusogola.
"‘’’OKUZIYIZA OMUDDO.’’’
Omuddo guvuganya n’amalagala nga birwaniraebiriisa ebiri mu ttaka, awamu n’ekitangala."
"Omuddo gukonzibya enkula y’amalagala, gukendeeza obulungi n’obungi bwa lumonde ate era n’okufiriza  omulimi ."
"Ziyiza omuddo nga okoola mubudde, emirundi ebiri mu buli lusimba olw’emyezi ebiri  n’ekitundu."
"‘’’OBUZIBU OBUTERA OKUSANGIBWA MU KULIMA LUMONDE OWA KIPAPAALI.’’’
‘’Lumonde ono mwangu okulibwa ebiwuka.’’
Kungaanya  era oyokye amalagala agaliridwa obusanyi."
Lima nga okyusakysa mubifo mwoba olimidde.
Singa wabalukawo ebiwuka oba endwaddw z’amalagala tukirira omulimisa w’omukitundu kyo.
"‘’’OKUSOGGOLA’’’
‘’Lumonde ono avunda mangu bwolwawo okumusoggola.’’
Musoggole mangu mu  myezi esatu."
Kuuma omusiri nga mukoole era oziike n’enjatika zokubikata.
Wewale okutema lumonde ono bwoba nga osoggola.
Okusoggola kukozesebwa n’emiti oba enkumbi.
‘’’OKUTUNDA’’’
"‘’’ENKUUMA N’ENTERERKA YA LUMONDE OWA KIPAPAALI’’’ 
‘’Eno yengei yoyinza okukazamu lumonde omukolemu ensaano oba okumufuula  mutere.’’
Yozza ettaka ku lumonde era omuwaate."
Bejjula era osalesale lumonde.
Teeka lumonde onno ku katimba omwa nike.
"Bwaba nga amazeokukala, sekulamu ensaano."
Teeka ensaano mukintu ekitayitamu mpewo.
"‘’’SKIRIISA EKIRI MU LUMONDE OWA KIPAPAALI KU BULI GULAMU KIKUMI [GRAMS] 100g EZIRIBWA’’’
Amazzi ebitundu 63 ½ ku buli 100g
[Calories] [cals] 30.5 ku buli 100g
Ekirisa ekizimba omubiri [proteins]g. 1.3 ku bli 100g
Amasavu [Fats]g 0.3  ku buli  100 g
Ekiriisa e kireeta amanyi [carbohydrates]g 32.8 ku buli 100g
Ekiriisa ekigumya amagumba [calcium] mg 30.5 ku buli100g
Ekiriisa ekizaamu omusaayi [iron] mg 1.2 ku buli 100g
[Vitamin A] [Intenational Unit] 120 ku buli b100g
[Thiamine][Thiam] mg 0.2 ku buli 100g
[Riboflavin][Ribofl]mg 0.05 ku buli 100g
[Niacinm] [mg] 0.9 ku buli 100g
[Vitamin C] mg 37 ku buli 100g
‘’’LU MONDE WA LANGI  YA KIPAPAALI AKUUMA OBULAMU BWO’’’
Ekiriisa ekiri mu lumonde onno kikukuuma nga oli mugimu era nga oli musanyufu."
Ekiriisa [vitaminA] kiyambaomubiri okubeera omugimku era nga gw’amanyi.
Ekiriisa [Vitamin A] Kiyamba omubiri okulwanyisa endwadde.
Ekiriisa[vitamin A] kiyamba amaso okulaba obulungi.
"Ekiriisa kiyamba omwana okukula obulungi
‘’’EBIRUNGOBY’YINZA OKUKOZESA MUK NSAANO YA LUMONDE ONO’’’
‘’Obuugi obulimu lumonde n’amata’’
Tabula olubatu lw’ensaano ya kasooli mu ggama y’amazzi emu."
"Fumba okumala esaawa emu, bugye bulungi."
Tabula olubatu lw’ensaano ya lumonde mu mazzi amabisi ogate  mu  buugi bw’odumbye.
Yongera ofumbe okumala eddakika endala taano.
"Tekamu vamata, obuleke bwesere."
Tekamu sukaali anoge.
"‘’’ENGERI ENDALA GYYINZA OKULYAMU LUMONDE ONO’’’
Ektobeo kya baana, stta wamu lumonde omufumbe, ebijanjalo n’enva endirwa."
"Lumonde omwokye
Kabalagala n’amandaazi
Keeki, n’Emigaati."
"‘’LUMONDE ONO AVAAMU MANGU  ENSIMBI.’’
<ref> maaif<ref> wwf /lvceep"
sentence
Ennima ey'obutonde ekwata ku kulima okutaliimu kukozesa ddagala erikolebwa okutta ebiwuka ebitawaanya ebirime oba ebigimusa ebikoleddwa obukolebwa.
Ekigendererwa ekikulu ky'ekyomulimi okuwa obutonde ekyo kyaggyira ddala obutereevu my butonde.
"Omulimi akkiririza mu kukozesa obutonde ng'abweyambisiza wamu n'ebyo ebiva mu ttaka, entambuza y'amazzi wamu n'abantu abetoolodde ennimiro."
"Omulimi akolera mu butonde okukolerera obutonde nga yeeyambisa obutonde, ng'assa ekitiibwa mu buli kintu ekiburimu mu nnima ey'obutonde."
Ekigendererwa ekikulu mu nnima eno kwe kuwa obutonde ekyo kyonna kye bwetaaga awatali kukyusaamu.
Ebintu bitonotono ebirina okutwalibwa nga bya mugaso mu nnima ey'obutonde.
Ekisooka ly'ettaka wamu n'ebiriisa byalyo ebiva mu bintu by'obutonde.
Omulimi alina okussaayo omwoyo kw’ebyo by’aba ateesezza okukola mu bulambulukufu bwabyo wamu n'okufaayo okulabirira ettaka.
Kya mugaso okussa ebigimusa eby'obutonde mu ttaka buli lunaku obutayosa era nga kyangu okukola.
"Omulimi kye yetaaga kwe kutunuulira obutonde ibumwetoolodde omuli ebitundu ebisaawe, ennimiro wamu n'effumbiro."
"Omuddo ogusaayiddwa, ebisaaniiko ebivunze ebiva ku bimera n'emiti, ebisaaniiko ebiva mu ffumbiro byonna bisobola okutabulwa awamu okusobola okukola ebiriisa eby'obutonde ebyetaagibwa mu nnimiro."
"Okusobola okufuna amakungula agasinga obulungi, ettaka lyo ligattemu ebintu ebyo ebiva mu butonde."
Ekintu ekirala ekikulu ennyo ekirina okufiibwako mu nnima ey'obutonde bye bimera n'emiti ebinaakungulwamu.
Kigambibwa okuba nti kya mugaso okusiga ensigo oba okusimba emiti emito egyo eginaatukana n'embeera y’obudde wamu n'ekika kyettaka.
Kino kijja kukekkereza obudde nga tojja kwetaaga kuteeka nnyo birowoozo ku nkula yaabyo olw'ensonga nti obutonde nga bwo bujja kubiyamba okukula mu ngeri eyeeyagaza.
Ebibala n'enva endiirwa ebiva mu kukozesa ebintu eby'obutonde kigambibwa okuba nga bibeera biwoomu era nga n'ebiriisa ebifumbekeddemu bingi ddala.
"Kookolo azuuliddwa nga bukyali ebiriisa bino bisobola okuyamba okumuziyiza olw'ensonga nti emmere erimiddwa n'ebintu eby'obutonde emalawo omukisa gw'okuliiranga ebintu eby'obulabe ng'eddagala ly'ebirime, n’ebigimusa ebiyamba ebirime okukula amangu; nga bwe kiri nti mu nnima ey'obutonde temuba kukozesa ddagala ttabule."
"Eno y'emu ku ngeri ezisinga obulungi okusobola okubeera ng'omubiri gukola bulungi, gweyagaza era nga mulamu."
"Ennima y'obutonde y'enkola esobozesa okuggyawo obulabe obw'okulumbibwa sukaali, endwadde z'omutima wamu n’endwadde endala era ng'ekuwa bulungi omukisa gw’obubeera ng'oli kumpi n'obutonde wamu n'okufuna mu bujjuvu obulamu obuggya okuva mu butonde mwe nnyini."
Eno engeri era ekekkereza ensimbi ezissibwa mu bulimi.
"Ennima y'obutonde eyamba okukuuma amazzi olwobutakozesa biragala, eyamba okuziyisa ekiriisa ekya Nitrogen obutaggwa mu ttaka."
"Efuula ettaka okubeera nga ddamu bulungi era nga lirimu ebiriisa, okufuna ebibala ebituukana n'omutindo gw'eggwanga."
Ebimera ebitaliibwa nga ppamba era asobola okulimibwa oobulungi mu nnima ey'obutonde.
Ogusooka ekukkiriza wamu n'aboomu makaago okukendeeza ku bungi bw'eddagala eririirwa mu mmere buli lunaku.
Okulya ebibala n'enva endiirwa ebituukiridde kikendeeza ku bungi bw'eddagala ery'obutwa lye tulya mu bulamu bwaffe obwa bulijjo.
Ogw'okubiri ekuyamba okukola omulimu gwo mu kukuuma obutonde bw'ensi eri eddagala ery'obutwa.
Ennima ey'obutonde kitegeeza nti tojja kubeera ng'okozesa eddagala eritta ebiwuka wamu n'ebigimusa ebitundibwa mu katale ebiyamba okwongera ku bulamu bw'ebirime.
Mu kifo kya bino ojja kuba ng'okozesa ebintu ebirala eby'enjawulo okukuuma ebirime nga biramu era n'okuziyiza ebiwuka okusaasaanira ku bimera ebirala.
Waliwo emitendera mitono  era emyangu gy'osobola okweyambisa okutandikawo ennima eyiyo ey'obutonde.
Sooka okebere ettaka lyojja okubeera ng'okozesa mu nnima ey'obutonde.
Ettaka eddungi ate nga ddamu terijja kukuuma bukuumi bimera byo nga biramu kye kyokka wabula era lijja kuliikiriza n'ebiriisa eby'enjawulo.
Osobola okugula ebikozesebwa ebibyo awaka by'osobola okukozesa okukebera ettaka lyo mu budde obukwanguyira.
Ekirala osobola okusindika ekitundu ku ttaka lyo eri wofiisi etwala eby'obulimi mu kitundu kyo okusobola okulikebera.
"Eky'okubiri kola enteekateeka y'ennimiro yo, nsigo ki na miti ki emito gy'osobola okusimba."
Ku kino yongerako ne ku mutindo gw'ettaka lyo ng'ozuula bimera ki ebituukana n'ekika ky'ettaka lyo.
"Londa ebimera ebisobola okugumira embeera y'obudde, ettaka, amazzi wamu n'ekitangaala."
Gezaako okugula endokwa ezisobola okulimibwa nga tokozesezza bigimusa oba ddagala lya birime.
Kino kijja ku kuyamba okufuna emmere etaliimu ddagala lya butwa.
"Eky'okusatu, tegeka ebintu okuva mu butonde ne nnakavundira eby'okukozesa mu nnimiro ey'obutonde ng'okuaanya eebisaniiko by’oggye mu nnimiro ne mu ffumbiro."
"Kino kijja kuyamba obutonde bw'ensi nga kikendeeza ku kuziika ebintu ebitalina mugaso mu ttaka, nga n'ekyokubiri kya bwereere ekiteetaagisa kussaamu nsimbi yonna okukikola."
"Ekiddako, kola enteekateeka ku ngeri y'okufukiriramu ebirime ng'osinziira ku mbeera y'obudde n'ekiseera nga bwe kiri mu mwaka."
Kiba kiirungi okufukirira ebirime mu budde obw'okumakya okusinga ekiro olw'ensonga nti embuyaga eba ekunta mpola ku makya era nga n'omukisa gw'ebimera okuvaamu amazzi nga gambuka mu bbanga guba guli wansi nnyo.
Ekirala gezaako okufukirira emirandira okusinga ebimera.
"Ekiddako, gulayo ebigimusa by'obutonde olwokuba nti ebirime ssi byonna nti bibeera byetaaga ebigimusa; ebiwuka ebirungi ebigasa ettaka bisobola okukuyambako mu nnima ey'obutonde."
"Mu kaseera kano weetaaga okugula ebintu ebikozesebwa okugeza ebitiiyo, giraavu, ebifukirira n'ebirala."
Osobola era n’okwewola ebintu bino bikuyambeko mu nnima ey'obutonde.
"Ekiddako, tandika okugula ensigo oba osobola okuggya mu nva endiirwa oba ebibala by'olina n'otandika okubisimba nga bwe wateekateeka era nga n'ennimiro ewedde."
"Ekiddako, tandika okukoola."
Guno gwe mulimu ogusingayo obwangu.
Osobola okuyambibwako abaana bo bw'oba obalina oba n'oyita abaana okuva ku mulirwano okukuyambako mu kino.
"Ekiddako osobola okutegeka okubikka ennimiro yo ng'okozesa omuddo omusale, ebiti ebitemeeteme, ebitiititi ebivudde ku bimera n'ebirala."
Kya migaso nnyo okutegekera ennimiro yo ekisiikirize ekirungi ate era n'okutegeka engeri ennungi ey'okusobozesaamu ebimera okufuna omusana ogumala.
"Ekisembayo nga buli kimu kiwedde, kibeera kiseera kya kulabirira wamu n'okukuuma ennimiro buli lunaku olukya."
"Osigaza obuvunaanyizibwa obw'okukutulako obutabi n'ebikoola ebiteetaagisa ku bimera, okubirambula okulaba oba nga tewali biwuka oba bisolo bya mu ttaka bibirumba era n'okuggyamu omuddo mu nnimiro yo obulungi ennyo."
Njagala nnyo okukozesa ebimu ku bintu ebiri ku muko guno okwanguya ennima ya buli lunaku.
Kya nkizo okwagala ennima ey'obutonde okusobola okufunamu ebibala ebirungi era ebijjudde ebiriisa.
Beera musanyufu era weeyongere okulima.
sentence
"1, ENYANJULA
Oluvanyuma lw'okulaffubana  kwa Gavumenti  eya wakati, eya Buganda awamu n'ebitongole ebyo bwa nakyeewa naddala ekya SCC-VIA Agro Forestry prLyaoject mu Masaka, Rakai, ne Lyantonde, abantu balabye nga ddala bali mu katyabaga ak'obutonde bwensi okwonooneka."
Wano kwekusalawo baffungize nate basobole okuzaawo embeera nga bweyalinga edda.
"Okusimba emiti ly'erimu ku makubo ag'okweyambisa mukukuzaawo obutonde bwensi  obweyagaza o  kusinziira ku migaso egiva mu miti omuli;
a.1 Egimu ku migaso gy'miti."
"EMBAAWO [Emisizi,emivule,Grevelle a,podo n'milala] ]"
"Okuzza obujjimu mutaka [omuzibandegeya, calliandra,emituba,ssettala ]"
"ENSIGO
Kirungi omulimi asimbe ensigo ennungi ezisobola okumera obulungi.Wewale ensingo endwadde osobole okufuna endokwa ennamu obulungi."
OKUSIMBA .
"ENSINGO zibikke ettaka erisaanidde okusinziira ku bunene bwaazo era ziwe amabanga agamala bwekiba kisoboka minyiriri.Osobola okusimba obuterevumu bukopo oba wansi ku taka egyerere
AMAZZI."
Ekyokwetegereza.
"AKASIRI  K'OKUMEREZAMU ENSINGO  KANO KAZIMBEKO EKISIKIRIZE ERA  NGA KINO KIKOLEBWA okusinziira  ng'enjuba bwetambula , endondo enyimpi zibeera ku luuyi olw'ebugwanjuba."
		EBIKOZESEBWA [TOOLS].
1.
Ekitiiyo.
2.Akakumuuta ettaka.
3.Ejjambiya.
"4.Ekifukirira [watering can]
5.Emigogo/ebibawo."
"6.Obuveera /ebyaayi emisumaali/akagoogwa
7.Essubi /ebiwempe
8.Ettaka
9.Omusenyu
10.Ensigo
11.Emiti/obuti
12.Amazzi [water source]."
NGA omaze okukola ebyo.otandika enimiroyo olwo notandika okurabilira bed yo bwekiba kwakyeya oyinza okusimako obusasaro ku bed yo no'lwekyo notandika okurabirira obulungi.
"KANKOME AWO MBADE 
SALONGO SSALI GODFREY"
sentence
Obutiko bwamiruundi mingi obulimwa ate mulimu namakungula ga miluundi ebiri.
Kati waliwo obutiko bwebiswa bwoba ogenda okukungula obutiko obulimwa mungeri eyo kijukire nti obutiko buno bwebutandika okukungulwa buli luvanyuma lwanaku satu.
Naye tewerabira okubukungula nga enaku satu ziweze kuba bujja kwononeka.
Kukaswa obembulakokabembure bwomala okimegulako kukaswa okigabanya emirundi ebiri ekikofiira kitwalibwa buterevu mukatale.
Wabula bino ebikira ebisigala tubiyuzayuza ne tubyanika kumpapula nga nyonjo naye ngakiri munyumba ate nga simukasana okufuna omutindo gwobutiko omunyunyutuvu.
sentence
"==OKUKUNGULA AMAZZI  G’ENKUBA== RAIN WATER HARVESTING
Amazzi g’enkuba agakulukuta tuyinza okugalembeka oba okugakunganyizza awamu nokugakuuma netugakozesa mu kifo ky’okugaleka negayonoonekera  obwerere."
Okulembeka amazzi kwongera ebibala mu nimmiro.
"Oyinza okukozesa engeri zino okukunganya amazzi,"
"<ref:wwf/lvceep>
--Joyce Nanjobe Kawooya (talk) 09:15, 3 Gwamunaana 2015 (UTC)--Joyce Nanjobe Kawooya (talk) 09:15, 3 Gwamunaana 2015 (UTC)"
sentence
"Template:Pp-pc1
https://commons.wikimedia.org/wiki/File:Tanka_yamazzi_ag%27enkuba.JPG"
okukungula amazzi g'enkuba kwekutega n'okukunganya amazzi g'enkuba okugakozesa mu bintu ebyenjawuli era n'okugafunamu so sikugaleka kugenderea bwerere.
"Era nga gano tugakosesa mu malimiro, okukola awaka, amazzi g'okufukirira, okuwa e bisolo okunywa era n'okujanjabibwa obulungi era n'okukozesa munda mu mayumba okugeza nga mu binabiiri ne toilets z;omunda ne birara."
Mubitundi ebisinga amazzi gakunganyizibwa ne gagenda mu binya bye bategese obulungi mwe gasobolera okwesengejja.
Amazzi agakunganyizidwa gasobora okukola nga amazzi g'okunywa era n'okutereka era n'emirimu emira nga okufukirira ebirime.
wano ewaffe e Mbazzi twatandika enkola eyomulembe era nga abantu b'ekitundu kino benyumiriza nnyo munkola eno kubanga ekyeya tekibatawanyiza kubanga amazzi bagalina mu bungi era nga basobola okutambuza polojekiti zabwe.
"Amazzi malungi nnyo era tugetaaga nnyo mu bulamu bwaffe obwabulijjo kubanga tukakozesa ffe nga abantu, ebirime, ebinyonyi  awamu n’ebisolo."
Mubutufu omuntu yenna nandiyetaze okutega amazzi anasobola okugakuuma okusobola okusomoka obuzibu bweyandisanze nga talina mazzi waka we.
Wesanga nga omuntu azimbye enyumba era na gisereka naye nakoma kukuyingira ate amazzi nagulanga magula so nga ate ku mabaati ge genyi asobola okusaako engogo bwatyo nasobola okutega amazzi.
"Okusima ekinya n’okisamu ekivera oba ettundubaali era n’oziimbako era n’okisereka 
Kale olwalero kanjogere kumkola eno eyokusima ekinya n’osaamu etundubaali
Bwenabadde ntambula tambula ku kyalo Mbazzi nasanze abantu abamu nga ebirime byabwe binyirira nga bwobiraba biraga nga enkuba etonnya bwe nayogeddeko n’abamu ku bantu banno bantegezeza nti bo bakungula amazzi mwatu nenewunya naye nafunye omukisa era ne banjiggiriza bwebakikola."
Otegeka ekiffo awagenda okusimibwa ekinnya era ekinya kino kisimibwa ku bipimo bino ekitandikibwako obugazi osima futi kumi ( 10ft ) ku futi munana (08ft) awo nosima okuka wansi obuwanvu bwa futi mukaga (6ft) bwekityo wansi muntobo ne kibera futi sattu nekitundu (3.5ft).
Bwomala okusima ekinya ekyo nga otegeka omusingi okwetolola ekinya kino era nekizimbibwako bulungi nga zimba enyumba eya kiyu kimu era n’okisereka bulungi n’amabaati ebisera ebisinga kiserekebwa amabaati nga musanvu.
Yelirira etundubaali mukinya wetolozeeko emiti nga ogikiiseko olwo ekitundu ekyawaggulu kwoba wetoloza etundubali eryo nga bwokubamu emisumaali
Amazzi g'enkuba ganno malungi nnyo nti wano oba ogekozeseza nga tolina akusoloza era munsi ziri ezakula edda gatwalibwa nga enyongereza kwago gebafuna mu gavumenti.
"Mukyeya oba n'amazzi, era kiyambako n'okukendeza amazzi ag'omujuzo mu biffo ebye kiko nga Bwayise, era kikendeza n'omujuzo ku nzizi zaffe ekisobozesa amazzi okuba muluzi nga malungi."
Kiyambako nti amazzi gaberawo obudde bwona wo galira.
Enkola eno eyokukozesa amazzi g'enkuba agategedwa mu nkola y'ebibuga kiyambako ku gavument engeri gye werezamu amazzi era kino kiyamba mwembi ekitongole kyamazzi nawe agakozesa.
era n'okwonona amazzi kukendera kubanga amazzi gaba mayonjo nga gayita bulungi mu paipu nga tegetaga kusamu manyi mangi okugatambuza nga  sewer system.
[1]
sentence
"Ennyanjula
Mu kakyo kano Abalimi be’Enva, Ebibala, Ebimuli, Ebilungo ne’Nsujju biri kumwanjo nnyo mu kuyingiza ensimbi mu balimi era n’eggwanga."
A. Abantu  beyongeera obungi obugunjufu n’bulabufu nabyo byeyongedde .
Abantu bategeera emigaso gy’enva n’ebibala eby’enjawulo mu bulamu bwabwe naddala okuliisa n’okukuuma emibiri gy’abantu.
"Ensujju [pumpkin]
Ky’ekimu ku ebyo  ebigenda okwogerwako."
Ebika bino by’onolaba ku likalala luno byazulibwa bakakensa ; Ab’amawanga agenjawulo nga begatidde wwamu okuva mu mwaka ogwa 1897.
1.
"Madona [sweet cream pumpkins] pumpkins]
2."
"Bala[connect  cut firld pumpkins]
3."
"Oziga [large cheese  pumpkins]
4."
"Dulu [large cheese  pumpkins]
5."
"Kaoma [sugar fish pumpkins]
6."
"Nabwendo [Anderina pumpkins]
7."
"Gaboggola [sun fish pumpkins]
8."
Mikando [Hana fish pumpkins]
Ensimba  sooka onnyike ensigo okumala essaawa abiri munya (24) nga tonasimba.
"-	Sima ekinnya fuuti 3 ku bbiri
-	Fuuti 3  obwetooloovu
-	Fuuti bbiri wansi munda
-	Fuuti 5 ne yinkyi 6 wansi
Ekinya kimu mugendamu :
-	Ebaafu y’Nakavundira 
-	Ebaafu 1 ey’Ettaka lyokungulu 
-	Teeka ensigo 2 mu kinnya
-	Bikkako obusubi butono ."
"-	Ensujju zini zimerra oluvanyuma lwa nnaku 7 – 14
-	Okuva ku kinnya ekisooka okudda  ku kyokubiri ziba fuuti 30
Ekyokwegendereza
Endabirira : bikka ku bikolo olwokukuma bunyogovu buli bbanga
Wewale endwadde zebiwuka bino wamanga:
-	Obuzunzanjuki [scale mealy bag]
-	Kawuluzi [leaf miner]
-	Obusaanyi [beatls]
-	Abantu [people] Abantu abali mu kasanvuebasimba nsujju, tebayita mu kiryo era tebakungula nsujju."
"-	Ensolo [animals]
Eddagala  [pest control]
-	Funa Kamulali omutono tampeco 1
-	Taaba, ebikoola 10
-	Ekifuula, olubatu 1
-	Kawunyira [rayila] olubatu 1
-	Omusul w’bisor nga muwolu akadomola ka lita 5 
-	Amazzi nga mayonjo akadomola ka lita 5 gagate wamu , sengejja bulungi
-	Fuyira ku bikola Amanguddala ngo’labye obulwadde tolonzalonza."
"Okubala
Ensujju zino zibala [yield]."
Buli kikolo kibala wakatiw’ensujju 50 -60 oba okusingawo.
"Okuklungula
Okuva ku nnaku 90 -120 gye myezi 3 -4  tandiika okukungula okuva lw’osimbye."
"Entereka
Tereka ensujju mu kifo awatali bbugumu nnyo ."
"Otereka  ensujju okuva ku sand 8 –sane 36 ( gye’ myezi 2- 8)
Enmigaso
-	Okuwona obwavu n’enjala
-	Emmere ezimba omubiri
-	Ensujju ddagala eri abantu n’ebisolo
-	Emmere eya namaddala ekkuuma enjala
-	Ebiryo nabyo ddagala."
"Akatale;
Akatale ke nsujju tekagwawo , welamula ewka."
"Enfumba
Enfmba yanjawulo nnyo okusinzira ku mawanga agalya ensujju."
<ref> MAAIF
JoyceNanjobeKawooya
sentence
"== OBULIMI BW’EKINTABULI==[AGOFORESTR
Buno bwe bulimi bw’emiti n’ebirime ebibala, n’okulunda ebisolo."
"Obulimi buno bukendeeza obwavu butuletera okubeera n’emmere emala, bukendwe miti nebusobozesa amaeeza okutemwa kka okufuna enku okuva ku kibanja."
Emiti gisika omuka gwa kabonidiyokisayidi okuva  mu mpewo ate negifulumya okisigeni gwetwetaaa.
"Emiti gituwa enku, embawo, n’eddagala ly’ekinnansi."
"Omulimi afuna amata , ebibala, n’emmere okuva mu mimiro ye."
Nayiturogeni eyongerezedwa mu ttaka n’emiti ayamba ebirime okukula obulungi.
Emiti gikuumma ettaka obutakulugusibwa [soil erosion].
Obusa obuva mu bisolo bukozesebwa ku miti n’ebirime ebilala.
Emiti giweereza abantu ate n’ebisolo eby’okulya .
Amakoola g’emiti gakuuma ettaka nga liwewwevu.
Egimu ku miti egiweereza ebibala mulimu Ovakado [Persea Americana] Ovakado awooma nnyo era alina ekirisa kya proteyini.
"Ekbala kyenyini tekirina munnyu, kirina potasiamu mungi ne vitamin B6, C, D, K ne E. Oyinza kumulya ng’ekibala k’yenyini oba nga saladi, nga supu,era oyinza okumukozesa nga ekizigo oba eddagala."
Ayinza okutundibwa emitala wa mayanja.
"Omuti gw’omuyembe [Mangifera indica] nagwo gulina emigaso mingi nnyo.Gumanyidwa nga gutuwa emmere ate gutuwa en uba, awamu n’ekisikirizze."
Gugumira omusana awamu n’amataba.
"Ensigo y’omuyembe eyinza okukozesebwa nga eddagala ly’akafuba, omusujja n’ekiddukano."
"Omuti gwa Kalwenda ogumanyiddwa nga  Guliveliya [Grevillea robusta]  guno nagwo gurina emigaso mingi ddala, gukula mangu ne gutuuka mita nga amakumi abiri."
"Gulina emilandira egigenda wansi mutaka, n’olwekyo gifuna emmere yagyo mu bwangu."
Tugikozesa mu kukuuma empewo nokutuwa ekisikirize.
Amatabi gaagwo tugakozesa nga nakavundira.
"Omuti ogwo gutuwa embawo ,n’enku
Omuti gwa Kawoomera mbuzzi[Calliandra] [Calliandra Calothysus]  nagwo gwa mugaso nnyo."
"Guno  omuti gukula  mangu , tegumala banga ddene , gukuuma ettaka obutatwalibwa n’amazzi era gwongera Nayitulogyeni mu ttaka."
Emiti gino giyinza okukozesebwa nga olukomera lwa makka oba ekibanja.
Gutuwa emmere y’ebisolo byetulunda awaka awamu n’enku.
Bwogutemako obutabi gusobola okutojjera neguleeta amakoola amalala.
"Omuti omuzimba ndegeya [ Sesbania, River bean or Eyptian rattle pos] [ Sesbania sesban] nagwo gukula mangu nnyo."
"Gwongerra nayitrogyeni mu ttaka, gukuuma ettaka obutatwalibwa n’amazzi oyinza okukungula amakoola mu myezi nga mu naana nga gyiyiseewo n’oliisa ebisolo."
Bwe ggumala emyaka essatu  gubeera n’emigaso emirala nga eddagala.
Omuti  guno mulungi mu  kutuwa enku  mu bbanga ettono ddala emyezi nga munaana okutuuka ku mwaka gumu.
<ref: Uganda@viagroforestry.org>
sentence
IALI NGO has been authorized by Terminologist Charles Muwanga to post his Luganda scientific articles on Luganda wikipedia for public consumption.
Ebyetaagisa okukuza ebirime n’omuddo mu Byamalimiro oba Ebyetaagisa Okulima ebirime
"Ebimera byonna byetaaga ebintu musanvu okukula; ekifo awokukulira, tempulikya entuufu, ekitangaala, amazzi, empewo, ebiriisa n’ebiseera ebigere."
(i) Aw’okukuliza ekimera
Buli kimera kiba kyetaaga ekibangiriza okwetaaya nga kikula n’okukola emmere yaakyo.
N’emirandila gyetaaga okukula nga tejikukiddwa lwa butabaawo kyagaanya.
Ebimera ebikulira awatali kyagaanya (awafunda) emilandira gyakyo giba kyefunyafunya kinone kifungamya okukula kwagyo.
(d)	Tempulikya
Ebimera ebisinga byagala tempulikya abantu ze betaaga; ebimu byagala embeera ez’ebbugumu ebirala ennyinyogovu okukula obulungi.Kiba kirungi omulimi okumanya ekimera wa gye kyaava asobole okubikolera embeera ezifaanana n’ezo eziri gye kyaava.
Era osaana okimanye nti ebimera ebisinga byagala tempulikya ennyinyogovu ekilo.
(e)	Ekitangaala.
Ebimera byetaaga ekitangaala.
Mu butuufu n’ebimera ebirimibwa munda byetaaga ekitenagaala.
Ekimera ekitafuna kitangaala bulungi kijja kulaga kubanga obululi (stems) bwakyo bujja kuba butono nnyo ate nga kyeweta kidda eri kitangaala.
(f)	Amazzi
Amazzi getaagisa nnyo okusobozesa ebimera okukola n’okutambuza ebiriisa.
"Awatali mazzi oba amazzi bwe gayitirira obungi, ekimera kiba kifa."
N’olwekyo awatali nkuba okumala ekiseera kiba kyetaagisa okufukirira ekirime oba ebirime.
Ebimera ebisinga byagala okufukirirwa ng’ettaka kkalu bulungi.
Ddi lw’ofukirira na mirundi emeka kisinziira ku bunene bwa kirime na kiseera kya mwaka awamu n’ekika ky’ekirime.
Kyokka ekikulu bwe bukalu bw’ettaka.
(g)	Empewo
Ebimera bikozesa kabonibbiri-okisayidi (carbon dioxide) okuva mu mpewo ate ne bifulumya okisijgyeni (oxgen).
"Omukka gwa munyale, ggaasi, n’ebirala ebyonoona empewo bikosa ebimera."
(h)	 Ebiriisa
Ebiriisa (nutrients) ebisinga ekimera bye kyetaaga bimerungukira mu mazzi olwo ne biyingizibwa mu kimera okuyita mu mirandila.
Ebijimusa biyamba okukuuma ettaka nga lirimu ebiriisa ekimera bye kyetaaga naye tebyetaaga kuyitirira.
"Mu butuufu ebijimusa byokka tebibala kukuza bulungi kimera naye walina okubeerawo n’ekitangaala ekirungi, ettaka eddungi, n’ennyingiza n’enfulumya y’amazzi (drainage) ennungi."
"Ebiriisa ebisatu ebisinga okuba eby’omugaso bye: nayitologyeni (nitrogen), foosifolaasi (Phosphorous), ne potasiyaamu (Potassium)."
Nayitologyeni akozesebwa okukuza era yaviirako ekimera okuba ne kkala ya kiragala omukwaafu .Nayitologyeni akozesebwa ekimeramu bungi ddala era y’ayamba ebimera okuttulula ebikoola ebingi.
“N” ke kabonero ka kemiko aka nayitologyeni.
Foosifalaasi ayamba obutaffaali okwegabizaamu (plant cell deivision) era ayamba okukola ebimuli n’ensigo n’okukuza ensengekera y’emirandira ey’amaanyi.
Akabonero ka kemiko aka fosiforaasi ye “P”.
Potasiyaamu ayamba okulwanyisa endwadde z’ebimera.
Akabonero ka potasiyaamu aka kemiko kali “K”.
(i)	Ebiseera
Kitwaala ekiseera ekigere okukuza ekimera .
Ebimera ebimu byetaaga ekiseera kiwanvu okusinga ebirala.
Okusobozesa ebimera okumulisa n’okukola ebibala mu kiseera ekigere kirimu okusoomooza.
Ebimera ebikulira wabweeru byetaaga ebiseera ebigere okuumulisa oba okuleeta ebibala.
Oyinza okugera ebiseera bino ng’obazizza bulungi.
"Ebyamalimiro (Agriculture) kitegeeza okulunda n’okulima ebimera, obutiko n’ebiramu ebirala ebikozesebwa ng’emmere, ebigwa (fibre) n’ebintu ebilala ebyetaagisa okukuuma obulamu."
"Ebyamalimiro ky’ekimu ku bintu ebyafuula omuntu ow’omulembe ogw’ entabaganyaey’enteekateeka ey’omuggunduokuyita mu kulunda n’okulima mu buli maka, ekintu ekyaleetawo ekisukkulumo mu makungula (surpluses) era kino ne kiba entandikwa y’enteekateekanya"
"Mu by’ensoma y’ebyamalimiro (agriculture education), okulima kuyimirilawo na ngeri oba bukodyo obusobozesa okutumbula ebikula by’ebirime n’ebisolo ebirundibwa."
Mu bimera watera okwetaagisaawo okufukulira yadde nga waliwo n’enkola endala ez’okulima n’okulunda ku ttaka ekkalu.
Mu mawanga agakulaakulanye aebyamalimiro ebiri ku mutindo ogw’amakolero byiimiriddewo ku kulima ekimera eky’ekikula ekimu oba okulunda ensolo y’ekikula kimu.
"Okulima n’okulunda kwonna kwetaagisa okuba ku mutindo ogukuuma obutonde bw’ Ensi (sustainable agriculture), omuli n’okukozesa nakavundira oba kiyite ebyamalimiro ebya nakavundira (e.g."
permaculture or organic agriculture).
"
Sayansi webyamalimiro, okuzaalisa ebimera, eddagala ly’ebiwuka n’ebigimusa, awamu n’okulongoosa mu tekinologiya biyambye nnyo okulinnyisa obungi bw’ebikungulwakyokka ate era biviiriddeko okwonoona obutonde bw’Ensi oba okutataaganya omwenkanonkano gw’embeera y’ebiramu mu butonde."
"
Ebitondekwawo okuva mu ebyamalimiro mulimu emmere, ebiwuzi (fibres), amafuta, n’ebikozesebwa mu makolero."
"Ku mulembe guno ebimera bikozesebwa okukola amafula g’ebiramu (biofuels), eddagala, ne pulasitiika."
"Mu mmere mulimu enva endiirwa, ebibala, amata, ennyama, n’ebirala."
"Ebiwuzi mulimu ppamba, ebyoya by’ensolo (wool), obuwuzi obukolebwa obusaanyi (silk), n’ amasanda (flux)."
"Amafuta g’ebiramu mulimu entuumo za kasasiro (biomass), etani, ne dizero."
"
Ebirala ebyetaagisa mu Ebyamalimiro"
"
(a)	Enteekateeka y’ettaka"
"Ebimera byetaaga nayitologyeni (nitrogen), fosifaraasi (phosphorus) ne potasiyaamu (potassium), awamu n’ebiriisa mu bipimo ebitono (micronutrients) kuno nga kw’ogatta enkolagana n’obulamu obulala, omuli n’obufungi."
"Wetaaga n’okubaawo  ekikyusabirime (crop rotatio) n’okubikka ne nakavundira w’eirime (green manure /""cover crops"")  awamu n’ okuyingiza nayitologyeni  okuyita mu bireeju (legumes) ebiyingiza naitologyeni  mu ttaka nga bikolagana ne bakitiiriya eza lizobiya (rhizobialbacteria)."
"Mu nteekateeka y’ettaka era wetaagisawo okutobeka ebirime (intercropping), naddala okusobola okulwanyisa ebiwuka n’endwadde awamu n’okwongeza ebiriisa mu ttaka kyokka kino kyetaagisa okuwa amabanga amagazi okuwewala okuvuganya wakati w’ebirime eby’enjawulo."
Ate era olumu ebisigalira by’ebirime (crop residues ) oyinza okubizza mu ttaka.
"Olwokuba ebirime eby’enjawulo bireka ebiriisa bya njawulo, kino kiba kiyamba okuwenkanyankanya ebyetaago mu ttaka."
Bannassomabyamlimiro abakozesa ebiramu era bakozesa nakavundira w’ensolo ne minero ez’enjawulo.
Amalimiro amatobeke (Mixed farms) g’ego agalimu ebisolo n’ebirime.
Okunoonyereza ku biramu mu ttaka nakwo kuyambye nnyo mu ebyamalimiro ag’ebiramu.
"Ebika nya bakitiryia n’obufungi bikutulakutula mu kemiko, ebisigalira by’ebirime n’ebisolo ne bifuulibwa ebiriisa mu ttaka eby’omugaso, kino ne kiviirako amakungula amalungi."
Ennimiro ezirimu nakavundira omutono oba omutali n’akatono bivaamu amakungula matono ddala olw’okuba ng’obuwuka obwetaagisa muttaka butono oba temuli kusobola kugimusa ttaka.
(b)	Okukugira omuddo
Kino kirimu:
"
•	Okutema amavuunike (tillage) - Kino kikolebwa okuteekateeka ettaka ng’ogenda okusimba ng’ojjamu omuddo ogulimu."
•	Okukabala (Cultivation) – Kino kyetaagisa okugonza ettaka oluvannyuma lw’okumeruka kw’ensigo.
(after seeding);
•	Okusaayira n’okutema omuddo n’ebitiititi
•	Okwokya.
Wano okozesa okwokya okutta omuddo.
•	Okubikkira (Mulching) – Kino okikola ng’okozesa ebimera ebirala by’otemye.
•	Okuliisizaamu ensolo.
"Omuddo gukugilwa okuyita mu kuguliisizaamu ensolo nga embaata zisobola bulungi okujja omuddo mu birime nga emiti, ebibala, kasooli n’omukyeele."
"
(c)	Okukugira ebiramu ebirala"
"
Ng’ojjeeko omuddo, waliwo ebiramu ebirala ebiyinza okuleeta obuzibu ku ddimiro, gamba ng’ebiwuka n’enkuyege awamu ne bakitiriya."
Ebiramu ebimu oyinza okubikugira ng’okozesa   ebiramu binnabyo (biological control).
Kyokka era waliwo eddagala ly’ebiwuka eritundibwa ely’enjawulo.
sentence
Okulima amayuni kimu kubintu mwoyinza okuyita okuwona okweyaguza olujjo.
ENSIMBA YAMAYUNI.
Bwoba ogenda okusimba amayuni olina kugoberela bino.
1.Olina okusima ekinya nga kiwanvu ate nga okisimiza jjambiya.
2.Bwomala okukisima tekamu amayuni okileke nga sikiziike okutuusa boligakorela.
3.amayuni olina okugakoola buli luvanyuma lwa mwezi mpaka kumakungula.
4.Wabula amatooke olina okugatemera buli lwokoola.
sentence
Muwogo kika kya mmere ekimu kw'ebyo ebiri mu uganda.kino ky'ekimu kw'ebyo ebika by'emmere ebyomuttaka byetulina mu uganda.
sentence
"==EMMERE Y’ENTE N’ENKOKO GYETABULIRE==’’’[LEARN TO MIX POULTRY AND ANIMAL FEEDS]’’’
Mu kaco kano, waliwo amakampuni maangi mu Yuganda agatabula emmere ."
"Wabula ate, abalunzi b’enkoko n’abebisolo baangi basazewo okwetabulira emmere ."
Kino kivudde ku nsinga zino wa mmanga.
"Omulunzi bweyetabulira emmere , asobola okukozesa ebimu ku bintu byeyerimira ekintu  ekimuyamba ennyo okukendeeza ku bbeyi y’emmere ."
Buli muntu wa ddembe okwekolera kyayagala kasita kiba mu nti talina gw’alumya.
Kino kiba kitegeeza ni oli ayagala okwetabulira emmere ayambibwe akole bwatyo era no;oyo ayagala okukozesa emmere eva mu makolero naye bamuleke agule.
Kyetaagisa okuteekawo enkola enesobozesanga abalunzi okuvuganyanga obiterevu n’abakozi bemmere.
Emmere oli  gyeyetabulidde ebeera ya nsimbi ntono era kisoboka okubeeramu ebirungo ebimala kasita oli atabula ebirungo  byonna mu mmere nga  bwekiba kirambikiddwa fomyula  [fomula].
"Eno y’emu ku ngeri esobola okukendeeza ku kwonooneka kwa kasooli n’ebintu ebirala ebivaamu emmere ereeta amaanyi, gamba nga lumonde, muwogo nebirala."
"Bino nno bamala kubikaza, era nga byebimu ku byonoonekera eyo mu byalo byaffe."
"N’olwensonga eno, abalunzi bo mu byalo  basaanidde bayige okwetabulira emmere era balunde n’enkoko , embizzi, ssekkoko , embuzi embaata n’ente."
"Olwo mu kifo ky’okutunda kasooli , lumonde, muwogo, omuwemba n’ebirala ebiringa ebyo, ebyensimbi entono oli atunda magi, mata, nkoko, mbuzi nebirala."
"‘’Obuzibu oli bwasanga ng’atabula emmere’’
Omulunzi okulemwa okwawula ebirungo eby’omutindo omulungi n’ebyo eby’omutindo ogwa wansi.Abalunzi bangi balemwa okugula ebirungo eby’omutindo owa waggulu nebakkozesa ebyo ebyomutindo ogwa wansi."
"Bangi balemwa okwawula kyakyu wa k saooli [maize bran] omulungi, ebyennyanja ebirungi, soya omulungi nebirala, nebagula ebyo bye baba basanze era ekiva mu kino kwe kutabula emmere ey’omutindo ogwa wansi."
"Bulijo sooka nga kwekeneenya birungo by’’ogenda okukozesa.N’olwensonga eno, osaanidde omanye ebirungo eby’omutindo omulungi bwebifanana."
"‘‘’ Ebirungo ebyetaagisa mu kutabula emmere’’’
Ebirungo ebyeaagibwa mu kutabula emmere bizingiramu bino."
"‘’ Ebiungo ebivaamu emmere ereeta amaanyi’’
Bino bizingiramu kasooli, omuwemba, obulo, omuceere, engaano, kyakyu wa kasooli, kyakyu w’omuceere, kyakyu w’engaano, muwogo omuse nebirala,Wabula, omulunzi asaanidde amanye omutindo gwa buli kirungo naddala ogwo ogwa kyakyu."
Ekyokulabirakokye kya kyakyu wa kasooli.
Ono alimu ebika bina oba n’okusingawo.
"Waliwo oyo kyakyu omulungi nnamba emu, kyakyu wa kasooli nnamba emu n’ekitundu, kyakyu wa kasooli nnamba bbri ne kyakyu wa kasooli addugala."
"‘’Ebirungo bivaamu emmere ezimba omubiri’’
Bino bizingiramu ebirungo ebiva mu bimera nebyo ebiva mu nsolo."
"‘’ Ebirungo ebivaamu emmere ezimba omubiri nga biva mu nsolo’’ Bino bizingiramu ebyennyanja ebise, n’omusaayi omuse."
Ebyennyanja ebise kye kirungo ekiva mu nsolo ekisinga okweyambisibwa mu kutabula emmere .
"Wabula ebyembi, waliwo abasubuzi bangi bakirimululu abongeraomusenyu, amayinja, ebikamulo by’ensigo za pamba n’ebintu ebirala ebyennyanja bisobole okuzitowa."
Kino kikendeeza ku mutindo gw’ebyennyanja .
"Ate mu musaayi, kyo kibi nnyo kubaabasubuzi ba kirimululu bongeramu evvu eriddugavu eriva  mu mipiira gy’emotoka egyokeddwa  oba olumu okwongeramu olusenyente lw’amandaebitundu ataano ku buli kkumi."
"So ate era engeri gyebalongoosamu omusaayi guno, tesobola  utta buwuka bwonna obugubeeramu ekiyinza okuba ekyobulabe eri omulunzi awamu n’ensolo  n’enkokoze."
"‘’ Ebirungo ebivaamu emmere ezimba omubiri nga biva mu bimera’’
Bino bizingiramu ensigo eziri mu luse lw’ebijanjaalo gamba nga soya, enkolimbo,   empindi, Ddengu, nebirala, era n’ebkamulo ebiva mu makolero ga buto gamba nga ebikamulo by’ensigo za pamaba."
Ensigo zona eziri mu lusebijanjaalo kisanidde zisoke ku siikbwako era oli azise nga tezineyambisbwa mu kutabula mmere ya bisolo.
"Wabula, waliwo ebika by’ebikamulo by’ensigo za pamba  n’ebyensigo z’ekitungotungo by’emirundi ebiri kwekugambaebyo ebikamulo ebikolweddwa ng’ensigo zimwereddwako obuwuziwuzi oba ebikuta [decorticated seed cake] n’ebyo ebikoleddwa ng’ensigo tezimwereddwako buwuzuwuzi [ undercorted seed cakes]."
"Ebikamulo by’ensigo za pamba ebimwereddwako obuwuziwuzi [decorticated cotton seed cake] n’ebikamulo by’ensigo z’ekitungotungo ezigiddwako ebikuta [decorted sunflower seed  cake], zezisaanidde okweyambisibwa ng’oli atabula emmere  y’enkoko, embizzi, n’eye’ensolo ento ezizza obwe’nkulumu."
"‘’ Ebirngo ebivaamu emminnyo’’
Ebirungo ebivaamu emminnyo bizingiramu obusonko, amagumba amase, omunnyo ogwabulijo,  omunnyo omukole, ettaka erya kikunsi, evvu, n’ebintu ebirala."
"Wabula ebyembi, abasubuzi bakirimululu bongeramu amazzi, omusenyu mu busonko era nebongera n’olufufugge lwa mayinja ge muyenga mu magumba amase, mbu bizitowe."
Kino kibivirako ebintu bino okuba eby’omutindo ogwawansi.
"‘’ Ebirungo ebivaamu emmere ereeta obulamu [Vitamin]’’
Bino bizngiramu ebirungo bya vitamin n’emminnyo [ vitamin and mineral premixes]."
Omulunzi asaanidde akozese ekika kyebirungo bya vitamin ebituufu ku buli kika kya nnyonyi oba nsolo.
"‘’ Engattirizo [additives]’’
Olumu mu mmere mwongerwamu e bintu ebirala kisobozese, omutindo gw’emmere okweyongerako."
"Ebintu bino bye bayita engattirizo era bizingiramu nga bino , amino aside, [anno acids] gamba nga layisini [Lysine], metonayini [methonine], era n’birungo ebitabuddwa awamu gamba  magiki puloteyini [magic proten],kwolite puloteyini [ quality protein] nebirala."
"‘’ Ebntu ebirala ebirowoozebwako oli by’asanidde okulowoozaako ng’attabula emmere’’
Ebirungo byonna oli ateekwa okusooka okubikunguunta nga yeyambisa akatimba akakunguunta omusenyu kimuyambe okujjamu ebisaaniiko, emisumaali, obusanikira bwa soda, enseke, za soda, obuveera n’ebyuuma, n’ebintu ebirala."
Emmere etabuddwa esaanidde ebe ngetuukaana n’ebigero [standard] ebyatekebwawo abakugu.
Ba offisa okuva mu minisitule kino bajja kukikunnyonyolako nnyo.
"‘’ Ensonga endala ezikwata ku ndiisa y’ensolo’’
Ekimu ku kyetaago ky’ente ekamwa ekikulu ennyo, kye ky’okuba nti ente ey’engeri eno eba yetaaga okuba nti ezaawo emmnnyo egyenjawulo mu mubiri gwayo kuba  emminnyo egyengei eno, gyeyambisibwa mu kukola amata negigendera mu mata bwekamibwa."
"N’olwensonga eno, ente ez’amata ziweebwa bulooka y’omunnyo nezikombereza buli wezibeera zaagalira."
Bulooka  z’omunnyo guno za bbeyi nene era kino kiba kyetaagisa abalunzi okutandika okuzekolera.
Wabula n’omutindo ogwo ogwatekebwawo ekitongole ky’abasawo b’ebisolo.
"‘’’ Fomyula ezeyambisibwa nga batabula emmere’’’
‘’ Emmere y’enkoko enzungu nga ntabulire ddala’’
Ebyetaagisibwa ye kyakyuwa kasooli omulungi  atabula emmere y’obukoko n’obubaata obuto ziba kilo 100,mu mmere y’ebutulazi kilo 100, mu mmere y’enkoko ezibika kilo 100, mu mmere y’enkoko ezennyama kwezitandikira kilo 100, mu mmere yen oko ez’ennyama ezikomekeleza kilo 100."
"Ebyennyanja ebise mu mmere y’obukoko n’obubaata obuto kilo 14, mu mmere y’ebitulazi kilo 12, mu mmere y’enkoko ezibika kilo 14, mu mmere y’enkokp ezennyama kwezitandikra kilo 30, mu mmere y’enkoko ez’ennyama ezikomekereza kilo 20."
"Ebikamulo by’ensigo za pamba mu mmere y’enkoko ento n’obubaata obuto kilo 14, mu mmere y’eebitulazi kilo 12, mu mmere y’enkoko ezibika kilo 20, mu mmere y’enkoko ezennyama kwezitandikira kilo 30, mu mmere y’enkoko ezennyama ezikomekeeza kilo 25."
"Ebikamulo by’ensigo z’ekitungotungo mu mmere y’obukoko obuto n’embaata ento kilo 14, mu mmere y’ebitulazi kilo 12, mu mmere y’enkoko zibika kilo 20, mu mmere y’enkoko ezennyam ento kilo 30, mu mmere y’enkoko ez’ennyama ezikomekereza kilo 25."
"Amagumba amase mu mmere y’obukoko obuto ne’embaata ento kilo 4, mu mmere y’ebitulazi kilo 4, mu mmere y’enkoko ezibika mwo toteekamu, mu mmere y’enkoko ez’ennyam ento kilo 12era newezikomekereza kilo 12."
"Obusonko obuse mu mmere yenkoko ento n’embaata kilo4, mu mmere y’ebitulazi kilo 4 , mu mmere y’enkoko ezibika kilo 12, mu mmere y’enkoko eze’nnyma zona toteekamu."
"Omunnyo ogwa kikunsi mu mmere ya buli mutendeera wona tekamu kilo 1, 
Ebirungo bya vitamin [premix] mu mmere ya buli mutendera tekamu ¾ ebya kilo okujako mu mmere y’enkoko ze’nnyama ezikomekereza teekamu kilo 1."
"‘’ Emmere y’ente ez’amata’’
Ebyetaagisa mulimu kyakyu wa kasooli kilogulamu 70 mu mmere y’ente ezikamibwa ate era kilo 70 mu mmere y’obuyana."
"Ebyennyanja ebise mu mmere y’ente ezikamibwa toteekamu, ate mu mmere y’obuyana kilo 5."
"Ebikamulo by’ensigo za pamaba mu mmere y’ente ezikamibwa kilo 15, ate mummere y’obuyana kilo 13."
Ebikamulo by’ekitungotungo mu mmere y’ente ezikamwa kilo 10 ate mu mmere y’obuyana kilo 7.
Amagumba amase mu mmere y’ente ezikamibwa kilo2 ½  ate mu mmere y’obuyana era kilo2 ½ .
Omunnyo omukole[ mineral salt powder] mu mmere y’ente ezamata kilo 2 ne mummee y’obuyana kilo 2.
Ebirungo bya Vitamini [vitamin premix] mu mmere y’ente zamata  ½ kilo ne mu mmere y’ennyana nayo ½ kilo.
Ebisingawo webuuze okuva eri omusawo w’ebisolo.
"<Ref: www.maaif.org.ug>
<Ref: WWF/LVCEEP>"
Joyce Nanjobe Kawooya
sentence
Okusinzira ku bange lye nundidde ebisisolo bino nkizudde nga endiisa yabyo abamu ebalema okutegera kale n'lwekyo wanjagalidde okugabana wamu mawe ku kye njudde.
Mukulunda ebyokulya kye kisingira ddala kusaasaanyizibwako ensimbi.
Buli lw'ogayala okuziriisa obulungi ofirwa kuba tezikula mangu ate ziyinza okukunduga awamu n'okulumbibwa endwadde.
"Emmere y'embizzi ennungi ebeeramu ekiriisa ekireeta amannyi, ekizimba omubiri, vitamini, omunnyo gw'ebisolo."
Waliwo emmere ebaamu ebirungo ebyenjawulo ng'etundibwa.
Eno etera okubeeramu ebirungo ebimala.
"Embizzi enzungu ey'emyezi esatu eba efuna kkiro emu n'ekitundu buli lunaku, era buli mwezi ogweyongerako kubukulu bwayo oba ogattako nga ekitundu kya kkiro y'emmere gy'erya buli lunaku."
Kinno no kitegeeza nti embizzi ey'emyezi omukaaga eba efuna kkiro biri(2) ne grammes lusaanvu (700) buli lunaku.
Embizzi ezifuna emmere eno teziteekako masavu mangi so ngate zikula bulungi.
Embizzi enganda zikula mpola nnyo era sandikuwagidde kuzigulira mmere eno entabule kubanga tojja kuzifunamu magoba bulungi.
"Embizzi osobola okugiriisa omuddo gamba nga kafumbe, ennanda, amalagala, ga lumonde, ebisagazi ebitoototo ng'obitemyetemyemu, Muwogo, Lumonde na kawunga."
Abalunzi abamu baliisa embizzi omusaayi gw'ente nga bamzze okugufumbako nga bewala endwadde z'ebisolo eziyinza okusaasanira mu bintu bino.
Wabula gezaako okulonda olulyo olulungi
sentence
Okulundira ebyenyanja ‘’’awafunda’’’  nkizudde nga kirungi.
Kubanga bwenabadde ngezaako “okulambula ku balimi” babyo nesanze nga kumpi buli muntu abisobolera ddala okubirima awamu n’okubirunda.
Mubutufu nze nail sikiriza nti omuntu asobola okulunda ebyenyanja ku lukalu nga tebiri mu nnyanja naye kitufu abantu balunda abyaddala.
"
Bwenatukiridde omulunzi wabyo ku Kyalo lwazzi namusanze nga alundira wantu awafunda era natunyoyora nti ye tekimukalubiriza kubirabirira era ye namusanze nga alunda Mmale yatugambye nti emmale nyangu okulunda kubanga mu ‘’’kiffo ekifunda’’’ ye alundirako emmale eziwera olukumi (1000)"
Omulunzi ono yangabye nti okubirunda olina okuba nabino wammanga;
Bwato ya nnyonyodde nga bweizimbiwa mpaka nga ebyenyanja bitekedwamu era natulaga n’engeri gya birisamu.
Abantu ababi bwe basobola okugya ne basaku mazzi ‘’’obutwa’’’ ne babitta byona
